1;525811;SZYDŁO Beata Maria;PiS
2;422321;BUZEK Jerzy Karol;KE
3;409108;WIŚNIEWSKA Jadwiga Maria;PiS
4;307084;OCHOJSKA-OKOŃSKA Janina Maria;KE
5;276014;PORĘBA Tomasz Piotr;PiS
6;258366;JAKI Patryk Tomasz;PiS
7;252032;KOPACZ Ewa Bożena;KE
8;239893;ARŁUKOWICZ Bartosz Adam;KE
9;221279;GRÄFIN VON THUN UND HOHENSTEIN Róża Maria;KE
10;219252;CIMOSZEWICZ Włodzimierz;KE
11;209219;KEMPA Beata Agnieszka;PiS
12;207769;BIELAN Adam Jerzy;PiS
13;204496;MAZUREK Beata;PiS
14;199591;ADAMOWICZ Magdalena;KE
15;186574;SARYUSZ-WOLSKI Jacek Emil;PiS
16;185168;BRUDZIŃSKI Joachim Stanisław;PiS
17;183947;KARSKI Karol Adam;PiS
18;182451;BELKA Marek Marian;KE
19;168309;ZALEWSKA Anna Elżbieta;PiS
20;167958;WASZCZYKOWSKI Witold Jan;PiS
21;164034;KRASNODĘBSKI Zdzisław Marek;PiS
22;163829;KRUK Elżbieta Małgorzata;PiS
23;160517;FOTYGA Anna Elżbieta;PiS
24;146453;HÜBNER Danuta Maria;KE
25;138854;JARUBAS Adam Sebastian;KE
26;134495;CZARNECKI Ryszard Henryk;PiS
27;134346;KUŹMIUK Zbigniew Krzysztof;PiS
28;130317;KOPCIŃSKA Joanna Maria;PiS
29;129339;SIKORSKI Radosław Tomasz;KE
30;125773;FRANKOWSKI Tomasz;KE
31;120990;LEWANDOWSKI Janusz Antoni;KE
32;107113;ZŁOTOWSKI Kosma Tadeusz;PiS
33;105684;HETMAN Krzysztof Andrzej;KE
34;104566;JURGIEL Krzysztof;PiS
35;104177;KALINOWSKI Jarosław;KE
36;103862;SKRZYDLEWSKA Joanna Katarzyna;KE
37;99897;LIBERADZKI Bogusław Marian;KE
38;96238;BIEDROŃ Robert;WRB
39;87304;HALICKI Andrzej Witold;KE
40;85619;GASIUK-PIHOWICZ Kamila;KE
41;84225;BREJZA Krzysztof;KE
42;80906;WAŁĘSA Jarosław Leszek;KE
43;79380;MILLER Leszek Cezary;KE
44;78351;KLOC Izabela Helena;PiS
45;77567;DUDA Jarosław;KE
46;77374;SELLIN Jarosław Daniel;PiS
47;76953;MOŻDŻANOWSKA Andżelika Anna;PiS
48;72769;LICHOCKA Joanna Katarzyna;PiS
49;70981;ROSATI Dariusz Kajetan;KE
50;70916;RAFALSKA Elżbieta;PiS
51;70265;MUCHA Joanna;KE
52;69811;KOC Maria Zofia;PiS
53;69006;OLBRYCHT Jan Marian;KE
54;65710;LEGUTKO Ryszard Antoni;PiS
55;65002;TOBISZOWSKI Grzegorz Józef;PiS
56;64113;RZOŃCA Bogdan Józef;PiS
57;63169;PASŁAWSKA Urszula Stefania;KE
58;63007;SEKUŁA-SZMAJDZIŃSKA Małgorzata Helena;KE
59;58861;BUŁA Andrzej;KE
60;56490;LATOS Tomasz Edward;PiS
61;55306;SPUREK Sylwia Iwona;WRB
62;53757;SONIK Bogusław Andrzej;KE
63;53157;ZEMKE Janusz Władysław;KE
64;52082;PROTAS Jacek;KE
65;51221;GRZYB Andrzej Marian;KE
66;50426;BERKOWICZ Konrad Szczepan;KBLN
67;48762;KOHUT Łukasz Marcin;WRB
68;46680;ŚMISZEK Krzysztof Jan;WRB
69;45009;BALT Marek Paweł;KE
70;43566;WOJCIECHOWSKI Grzegorz Michał;PiS
71;41912;TARCZYŃSKI Dominik;PiS
72;41762;KUKIZ-SZCZUCIŃSKI Paweł Wiktor;K15
73;40942;POLAK Elżbieta Anna;KE
74;40737;ŁUKACIJEWSKA Elżbieta Katarzyna;KE
75;40049;LIROY-MARZEC Piotr Krzysztof;KBLN
76;39920;BOSAK Krzysztof;KBLN
77;39288;BOSACKI Marcin Rafał;KE
78;38534;GDULA Maciej Roman;WRB
79;38052;SIEKIERSKI Czesław Adam;KE
80;37673;SZWED Stanisław;PiS
81;37524;RUTNICKI Jakub Adam;KE
82;37199;GIRZYŃSKI Zbigniew;PiS
83;36997;SKOWROŃSKA Krystyna;KE
84;36907;LENIART Ewa Maria;PiS
85;35750;WAWRYKIEWICZ Michał;KE
86;35288;KUCHARSKA-DZIEDZIC Anita Agnieszka;WRB
87;35030;PIECHA Bolesław Grzegorz;PiS
88;35015;BARTOSZEWSKI Władysław Teofil;KE
89;34893;STACHOWIAK-RÓŻECKA Mirosława Agnieszka;PiS
90;34506;WILK Jacek;KBLN
91;34017;RADZIWIŁŁ Konstanty;PiS
92;33072;BRAUN Grzegorz Michał;KBLN
93;32350;NYKIEL Mirosława;KE
94;32119;PORZUCEK Marcin Bartosz;PiS
95;31723;PLURA Marek Mirosław;KE
96;30949;DZIEDZICZAK Jan Michał;PiS
97;30716;TYSZKA Stanisław;K15
98;29891;JUREK Marek;K15
99;29799;SZYNKOWSKI VEL SĘK Szymon Andrzej;PiS
100;29152;MAŁECKI Maciej;PiS
101;28875;MULARCZYK Arkadiusz;PiS
102;28605;KŁOSOWSKI Sławomir;PiS
103;27788;BEJDA Paweł Jan;KE
104;27493;KUROWSKA Maria Stanisława;PiS
105;27162;DŁUGI Grzegorz Karol;K15
106;26721;ŚCIGAJ Agnieszka;K15
107;26484;SOWIŃSKA Anita Katarzyna;WRB
108;26465;BONI Michał Jan;KE
109;26410;KORWIN-MIKKE Janusz Ryszard;KBLN
110;26232;WINNICKI Robert Artur;KBLN
111;25070;SOŚNIERZ Andrzej Stanisław;PiS
112;24872;KALETA Sebastian Jerzy;PiS
113;24785;SOŚNIERZ Dobromir Andrzej;KBLN
114;24645;CYMAŃSKI Tadeusz;PiS
115;23999;MACIEJEWSKA Beata Monika;WRB
116;23846;FALEJ Monika Walentyna;WRB
117;23845;BARTOSIK Ryszard;PiS
118;23614;CZERWIŃSKA Anita;PiS
119;23251;MARCZUŁAJTIS-WALCZAK Jagna Kinga;KE
120;23034;KRUPKA Anna Maria;PiS
121;22214;DRÓŻDŻ Beata Zofia;PiS
122;21993;NOWICKA Wanda Hanna;WRB
123;21802;PRZYBYLSKI Przemysław Tomasz;PiS
124;21311;ZAWIŚLAK Sławomir;PiS
125;20714;KWIECIEŃ Anna;PiS
126;20374;CZOCHARA Katarzyna Beata;PiS
127;20262;HOC Czesław;PiS
128;20064;PŁATEK Monika Stanisława;WRB
129;20007;CZARTORYSKI Arkadiusz;PiS
130;19832;SZEJNA Andrzej Jan;KE
131;19815;MIESZKOWSKI Krzysztof;KE
132;18188;SAGAN Marlena Barbara;PiS
133;18134;ARENT Iwona Ewa;PiS
134;17423;WOJTUNIK Paweł;KE
135;17365;BOROWIAK Joanna Beata;PiS
136;17204;SACHAJKO Jarosław;K15
137;17079;ZANDBERG Adrian Tadeusz;LR
138;17020;PIECHNA-WIĘCKIEWICZ Paulina Krystyna;WRB
139;16855;HAIDAR Riad;KE
140;16818;GODEK Kaja Urszula;KBLN
141;16815;KAMIŃSKA Bożena;KE
142;16718;MENTZEN Sławomir Jerzy;KBLN
143;16609;SCHEURING-WIELGUS Joanna Izabela;WRB
144;16582;KRUPA Urszula Irena;PiS
145;16439;USTROBIŃSKI Marek Jerzy;KE
146;16129;TUDUJ Krzysztof;KBLN
147;15977;IWASZKIEWICZ Robert Jarosław;KBLN
148;15856;JAKUBIAK Marek;KBLN
149;15778;KUBICA Józef Jan;PiS
150;15606;DUSZEK Marcin Kamil;PiS
151;15490;MATERNA Jerzy Marian;PiS
152;15465;GWIAZDOWSKI Robert Andrzej;PFP
153;15225;TUMANOWICZ Witold Sławomir;KBLN
154;15157;SZRAMKA Paweł;K15
155;14790;MACIEJEWSKI Andrzej;K15
156;14574;CYRAŃSKI Adam Zbigniew;KE
157;14536;DUDZIAK Lidia Danuta;PiS
158;14401;APEL Piotr Daniel;K15
159;14359;MRZYGŁOCKA Izabela Katarzyna;KE
160;14074;SAGATOWSKA Janina Zofia;PiS
161;14073;GOŁOJUCH Kazimierz Edward;PiS
162;13891;WRÓBLEWSKA Krystyna Małgorzata;PiS
163;13839;SZWED Aleksander Jakub;PiS
164;13760;PAMUŁA Teresa;PiS
165;13699;HIBNER Jolanta Emilia;KE
166;13576;PILCH Piotr;PiS
167;13554;CZERNIAK Hubert Stanisław;KBLN
168;13362;SEKUŁA Joanna;KE
169;13316;BIEDROŃ Adriana Maria;WRB
170;13314;WOJCIECHOWSKA Anna;KE
171;13171;KOZAKIEWICZ Władysław;KE
172;12934;SKIBA Anna Agnieszka;WRB
173;12701;CHOROSIŃSKA Dominika Małgorzata;PiS
174;12627;MATEUSIAK-PIELUCHA Beata Anna;PiS
175;12326;ANDZEL Waldemar Franciszek;PiS
176;12232;TOMCZYK-IWKO Olimpia Joanna;K15
177;11944;LUBINIECKA-RÓŻYŁO Katarzyna Elżbieta;WRB
178;11932;ŻALEK Justyna Emilia;PiS
179;11921;SIKORA Danuta Teresa;PiS
180;11878;KRUCZEK Stanisław;PiS
181;11814;NIEDZIELA Dorota;KE
182;11624;BUJAK Zbigniew;WRB
183;11579;CIEŚLAK Michał;PiS
184;11467;BOBOLA Alicja Maria;K15
185;11418;ROMANOWSKI Rafał;PiS
186;11352;WARDZAŁA Robert Marian;KE
187;11243;KOROLKO Michał Przemysław;KE
188;11175;GRABOWSKI Paweł;K15
189;11028;KISIELEWICZ Andrzej Marian;PiS
190;10907;MARENIN Małgorzata Diana;WRB
191;10728;JĘDRZEJEWSKA Aneta;KE
192;10623;UTECHT Waldemar Arkadiusz;KBLN
193;10574;IKONOWICZ Piotr Igor;LR
194;10573;MÜLLER Piotr Józef;PiS
195;10461;RZEPA Jarosław Michał;KE
196;10134;TOMASZEWSKA Ewa;PiS
197;10031;KIEPURA Henryk;KE
198;9876;KONIECZNY Maciej;LR
199;9815;WYPYCH Małgorzata Maria;PiS
200;9771;ROKICKA Julia Agata;KE
201;9572;BACZYŃSKI Jacek Marcin;PiS
202;9544;KARPOWICZ Joanna;PiS
203;9363;GOLIŃSKA Małgorzata Joanna;PiS
204;9318;OBWIOSŁO-BUDZYŃ Sabina Krystyna;WRB
205;9249;HUSIEW Barbara;K15
206;9217;BARTUŚ Barbara Halina;PiS
207;9211;ZAWISZA Marcelina Monika;LR
208;9181;WARGOCKA Teresa Anna;PiS
209;9089;STĘPIEŃ Joanna Krystyna;WRB
210;8993;DUDA Elżbieta;PiS
211;8910;DROZDOWSKI Krzysztof Andrzej;KBLN
212;8902;GOŁASZEWSKI Marcin Łukasz;KE
213;8874;STĘPIEŃ Miłosława Dorota;KE
214;8299;POPKOWSKI Robert Adam;PiS
215;8285;KOBYLARZ Andrzej Sławomir;K15
216;8275;KOSSAKOWSKI Wojciech;PiS
217;8204;MAŃKUT Władysław;KE
218;8136;KOBYLIŃSKI Paweł Bronisław;KE
219;8055;KŁOPOTEK Agnieszka Maria;KE
220;8040;GRYGLAS Zbigniew;PiS
221;8030;SZYDLIK Bożena Grażyna;PiS
222;8004;FRYDRYCH Joanna Zofia;KE
223;7819;SZYMAŃSKI Antoni;PiS
224;7773;ZIELIŃSKA Urszula Sara;KE
225;7764;KORWIN-MIKKE Jacek Baltazar;KBLN
226;7573;FEDAK Jolanta Beata;KE
227;7527;KALINOWSKA Katarzyna;KE
228;7463;KULIK Grażyna Danuta;KE
229;7427;RZĄSA Marek Zdzisław;KE
230;7319;BERNACKI Włodzimierz;PiS
231;7220;ORKISZ Jan;LR
232;7150;SOLIS Tomasz Piotr;PiS
233;7138;PEJO Bartłomiej Artur;KBLN
234;7129;FRANKIEWICZ Joanna Dorota;PiS
235;7128;ZIELIŃSKA Elżbieta Joanna;K15
236;7112;WITKOWSKI Waldemar Włodzimierz;LR
237;7012;RUDALSKI Wojciech Bogdan;PiS
238;6948;ŚLUSARZ Rafał Józef;PiS
239;6934;STĘPIEŃ Elżbieta Krystyna;KE
240;6913;STANDERSKI Dariusz Marian;WRB
241;6850;TERLECKI Tomasz Jerzy;WRB
242;6686;STANISŁAWEK Andrzej Józef;PiS
243;6666;ZAJĄC Krzysztof Jan;PFP
244;6645;PUDŁOWSKI Paweł Patryk;KE
245;6602;SZULOWSKI Krzysztof;PiS
246;6540;BIŃCZYCKA Elżbieta;KE
247;6520;PAHL Witold;KE
248;6328;BARSZCZEWSKA Barbara Aldona;PiS
249;6184;MROCZKOWSKA Barbara Elżbieta;KE
250;6109;ANDRUSZKIEWICZ Jolanta Wiesława;PiS
251;6103;CHOJNOWSKI Szymon Piotr;WRB
252;6094;BRZEZIŃSKA Anna Katarzyna;KE
253;6061;LEMPART Marta Mirosława;WRB
254;5984;OPIOŁA Marek;PiS
255;5956;ŁUCZYK Mariusz Wojciech;PiS
256;5923;UEBERHAN Katarzyna;WRB
257;5873;RUTKOWSKA Dorota;KE
258;5795;KORWIN-MIKKE Anna;KBLN
259;5791;DAJCZAK Władysław;PiS
260;5756;KLIMEK Maciej Artur;WRB
261;5740;KONIECZNA Barbara Krystyna;PiS
262;5732;JASKÓŁA Tomasz Janusz;K15
263;5716;JEŻAK Ewa Agnieszka;WRB
264;5679;TRAWICKI Krzysztof Gabriel;KE
265;5671;ŁĘŻAK Dominik Adam;PFP
266;5589;STĘPIEŃ Witold Heronim;KE
267;5533;KULESZA Jakub;KBLN
268;5526;KULCZYK-SZYMAŃSKA Anna Barbara;WRB
269;5494;MAZUR Aneta;K15
270;5452;JELONEK Aleksandra Elżbieta;K15
271;5444;PIŁKA Marian;K15
272;5350;KACZMARCZYK Norbert Jakub;K15
273;5255;SITARSKI Krzysztof Serafin;K15
274;5208;ZAGAŁA Sven;WRB
275;5190;PARDA Błażej Łukasz;K15
276;5187;FABIŚ-SZULC Karolina Urszula;KE
277;5182;RZYMKOWSKI Tomasz Piotr;K15
278;5173;LEWICKI Dawid Marian;KBLN
279;5170;URBANIAK Michał Piotr;KBLN
280;5144;JACYNA-WITT Małgorzata Anna;PiS
281;5093;BUTRYN Renata Celina;KE
282;5085;SYPNIEWSKI Marcin;KBLN
283;4995;KOPER-STASZOWSKA Wioletta Maria;PiS
284;4957;WEZGRAJ Jacek Artur;WRB
285;4924;SITARSKI Ireneusz Robert;KE
286;4911;MICHOCKA Kalina;WRB
287;4825;NOWORYTA Anna Maria;WRB
288;4767;GAŁKIEWICZ Magdalena Anna;KE
289;4760;WILK Artur;K15
290;4756;NEHREBECKI Roman;WRB
291;4754;JACH Michał;PiS
292;4746;FAJDEK Patryk;WRB
293;4742;SZWED Anna Bożena;PiS
294;4696;MARJAN Patryk Piotr;KBLN
295;4603;KIEROZALSKI Grzegorz;PiS
296;4550;CHMIELEWSKI Krzysztof Robert;KBLN
297;4550;PROKOP-PACZKOWSKA Małgorzata Barbara;WRB
298;4513;GRABARCZYK Tomasz Michał;KBLN
299;4474;JABŁOŃSKA Elżbieta;KE
300;4467;ANTCZAK Alicja Elżbieta;PiS
301;4420;PAWŁOWSKA Monika Jolanta;WRB
302;4415;BOŁTRYK Marcin;KE
303;4362;MIGOCZ Izabela Monika;WRB
304;4338;DZIK Katarzyna Helena;WRB
305;4325;PANCEWICZ Mikołaj Jakub;WRB
306;4270;WROŃSKI Marcin;PiS
307;4240;GRUCELA Bartosz;LR
308;4234;KNAPIK Aleksandra Alicja;WRB
309;4169;DUDAR Ewa;KE
310;4160;GÓRSKA Anna;LR
311;4147;SUFIN-JACQUEMART Ewa Anna;KE
312;4128;IDZIKOWSKI Wiktor;WRB
313;4083;KOSMALSKA Joanna Agnieszka;K15
314;4082;ZIMMERMANN Julia Eliza;LR
315;4077;JACHNIK Jerzy Witold;K15
316;4077;KAMIŃSKI Michał;PiS
317;4036;BŁASZCZYK Anna;K15
318;4023;MASŁOWSKI Maciej Przemysław;K15
319;3997;STACHOWIAK Ireneusz;PiS
320;3997;DEMSKI Patryk Jerzy;PiS
321;3991;KALATA Edyta Teresa;KE
322;3989;ŻOŁNIERUK Beata Izabela;PiS
323;3981;CABAN Renata Wiesława;KE
324;3973;LANC Elżbieta;KE
325;3943;MENTZEN Tomasz Jacek;KBLN
326;3927;RUTKA Marek Andrzej;WRB
327;3876;TWARDOSZ Lilija;WRB
328;3798;WAWER Michał Jan;KBLN
329;3786;DEN Jolanta;KE
330;3769;DZIAMBOR Artur Erwin;KBLN
331;3748;DUDŹ Katarzyna Zofia;KE
332;3743;GIEROWSKI Rafał;KBLN
333;3682;JANKOWSKA Wanda;K15
334;3673;KUBICZEK Piotr Janusz;K15
335;3613;GILL-PIĄTEK Hanna Beata;WRB
336;3610;KRZĘTOWSKA Agnieszka Maria;PiS
337;3605;STASIAK Aleksandra Małgorzata;KE
338;3605;KRAJSKI Stanisław;KBLN
339;3594;ZBOROWSKI Maciej;PFP
340;3577;PROROK Genowefa Katarzyna;KE
341;3569;ANASZEWICZ Marcin;WRB
342;3501;KARPIŃSKI Włodzimierz Witold;KE
343;3479;WALCZAK Joanna Izabela;K15
344;3445;JANOSKA Jerzy Jan;KBLN
345;3421;MATYSIAK Paulina;LR
346;3420;NOWAK Izabela Anna;WRB
347;3406;JABŁOŃSKI Jacek Andrzej;WRB
348;3391;SZKOŁA Józef;KE
349;3367;KURZELEWSKA Arleta;PiS
350;3361;ZIÓŁKOWSKI Jakub;WRB
351;3353;STANIEWSKI Marcin;WRB
352;3349;MICHALSKA Joanna Klaudia;KE
353;3314;PAPROCKA Katarzyna Petronela;WRB
354;3307;KULIŃSKA Lucyna Michalina;KBLN
355;3266;DROZD Krystiana Maria;KE
356;3207;SKUPIEŃ Andrzej;KBLN
357;3146;SYSKA Michał Jan;WRB
358;3143;KOTULA Katarzyna Agata;WRB
359;3111;LEŚNIAK Tomasz Marek;WRB
360;3103;WITKOWSKA Agata Joanna;K15
361;3063;ZYCH Barbara;KE
362;3052;ŁANCZKOWSKI Romuald;PiS
363;3029;WALCZAK Izabela Anna;KBLN
364;3021;WAWRYKA Dawid;WRB
365;3003;ZARĘBSKA Katarzyna Kamila;KE
366;2997;BŁASZCZYK Stefan;KBLN
367;2994;SZYMCZYK Krzysztof Feliks;PiS
368;2986;KOZŁOWSKI Jerzy;K15
369;2964;HATKA Helena;PiS
370;2963;GROMADZKI Sławomir;WRB
371;2963;OLKO Dorota Zofia;LR
372;2952;ODROWSKA Katarzyna;WRB
373;2944;SMIRNOW Andrzej;PiS
374;2920;SOBERA Iwona Maria;WRB
375;2904;WACHOWSKA-KUCHARSKA Anna Małgorzata;LR
376;2884;KOTARBA Mariusz;WRB
377;2880;ŻUREK Piotr Grzegorz;KBLN
378;2873;SZAŁATA Joanna Irena;KBLN
379;2860;ZIĘTKOWSKI Wojciech Maciej;KBLN
380;2856;TOMCZAK Witold Stanisław;KBLN
381;2840;PRUŚ Sylwester Zbigniew;KBLN
382;2822;IWAŃSKA Katarzyna;LR
383;2801;KARWOT Anna Zofia;K15
384;2793;ZATKA Natalia Iwona;WRB
385;2791;KLAWITER Jan Andrzej;K15
386;2781;JĘDRASIK Krzysztof Piotr;K15
387;2765;JAGIEŁŁO Wojciech Jan;K15
388;2748;GOŁDA Marcin Antoni;WRB
389;2743;GOGÓŁKA Robert Mirosław;K15
390;2735;BOCHEŃSKI Jakub Józef;WRB
391;2726;LIEDER Ewa;KE
392;2718;SZAŁACHWIEJ Ewa;PiS
393;2685;FALKOWSKA Agnieszka;WRB
394;2684;OGONOWSKA Edyta Renata;KE
395;2670;DŁUGOSZ Magdalena Anna;LR
396;2658;NOWAK Paulina;LR
397;2656;SAJDAK-WASIK Agnieszka Andżelika;K15
398;2647;LEWCZUK Tomasz;WRB
399;2634;WILCZYŃSKA Maria Bernadeta;WRB
400;2631;ROSIŃSKA Katarzyna Ewa;LR
401;2631;ŚMIGIELSKA Klaudia;K15
402;2616;FRYDRYK Jakub;K15
403;2603;DECKER Magdalena Maria;WRB
404;2593;MARZEC Marcin;WRB
405;2567;PATER Agata Bożena;K15
406;2565;WIŚNIEWSKA Anna Elżbieta;PFP
407;2552;KOCHAŃSKA Julia Anna;K15
408;2541;MATUSIAK Karolina Daria;KE
409;2534;TANAJNO Paweł Jan;K15
410;2529;SAWICKI Marcin;KBLN
411;2523;WÓJCIAK-PLEYN Ewa Maria;WRB
412;2521;KRYSIAK Wioleta Magdalena;LR
413;2504;LISOWSKA Bożena Grażyna;KE
414;2483;CIESIELCZYK Marek;KBLN
415;2478;DUDEK Dorota;K15
416;2462;NOWAK Tadeusz Zenon;KE
417;2422;ŻMIJAN Stanisław;KE
418;2416;ZYCH Anna;K15
419;2386;WRÓBLEWSKA Kornelia Konstancja;KE
420;2384;POPOWSKA Magdalena Maria;KE
421;2383;AONDO-AKAA Bawer;K15
422;2343;KRYSTOWSKA Anna;KBLN
423;2340;BUCZEK Tomasz Wojciech;KBLN
424;2327;LISIECKI Piotr Cezary;KBLN
425;2321;RABENDA Karol Kazimierz;PiS
426;2315;SZEWCZYK Marek Wacław;KBLN
427;2314;OSADCZY Włodzimierz;KBLN
428;2303;BRYŁKA Anna Mirosława;KBLN
429;2302;ŁUKASZEWICZ Olgierd Marian;WRB
430;2289;ŻMIJEWSKA Aleksandra Małgorzata;WRB
431;2278;JURZYSTA Marcin;WRB
432;2275;TRACZYK Adam Paweł;WRB
433;2257;JACHLEWSKA Elżbieta;KE
434;2250;KUMOR Monika Aleksandra;K15
435;2241;ROMECKI Stefan Józef;K15
436;2216;KRUTUL Paweł;WRB
437;2215;KORWIN-MIKKE Dominika Maria;KBLN
438;2211;ROSIEWICZ Andrzej Wacław;PFP
439;2208;PIASECKA Anna;WRB
440;2188;KULESZKA Agata;K15
441;2175;OLSZEWSKI Łukasz Patryk;WRB
442;2174;DRUBKOWSKA Monika;WRB
443;2171;ŁAŚ Maria Bogusława;LR
444;2166;NOSAL-IKONOWICZ Agata Alina;LR
445;2165;DE LAZARI-RADEK Katarzyna Anna;WRB
446;2157;CZERWIŃSKA Ewa Barbara;PFP
447;2157;PIETRZAK Michał Damian;WRB
448;2156;SZENDEROWICZ Klaudia;KBLN
449;2151;KUBALA Marek Zdzisław;K15
450;2142;ANIŚKO Tomasz Witold;KE
451;2135;WISZ Elżbieta Anna;LR
452;2134;HIERO-CICHOŃ Agata;K15
453;2132;DYMKO Łukasz;K15
454;2122;STASIAK Marta Katarzyna;KE
455;2118;GRACZYK Ewa Elżbieta;WRB
456;2110;ŁUKASIEWICZ Piotr Leszek;WRB
457;2106;ZIEGLER-CHAMIELEC Anita Kornelia;WRB
458;2105;BERECKA Barbara;K15
459;2057;MARTYNIUK Kamilla Monika;K15
460;2055;NYCZ Ewelina Magdalena;K15
461;2053;SOKOŁOWICZ Mariusz Paweł;WRB
462;2046;OCHOCKA Iwona;WRB
463;2037;WOCH Marek Marian;PFP
464;2032;UCHWAŁ Aneta;KE
465;2026;KORDEK Emilia Aneta;KBLN
466;1995;NOWICKA Jolanta Maria;K15
467;1989;OLKOWSKA Małgorzata;WRB
468;1974;SKALIK Włodzimierz Bogdan;KBLN
469;1955;DŁUGOŁĘCKA Elżbieta;WRB
470;1938;PIJANOWSKI Marek;WRB
471;1936;GUZIKOWSKI Jacek Piotr;K15
472;1931;ZALESIŃSKI Zbigniew Stanisław;WRB
473;1914;ZAPAŁOWSKI Andrzej Tomasz;KBLN
474;1906;OLSZEWSKA Małgorzata;K15
475;1903;TARASIEWICZ Sława Iwona;WRB
476;1903;MARANDA Marcin;PFP
477;1895;BIAŁOOKA-KOSTENECKA Danuta Jadwiga;PiS
478;1868;FOGIEL-LITWINEK Magdalena Izabela;K15
479;1857;POMORSKA Karolina Agnieszka;K15
480;1857;JÓŹWIAK Maciej;KBLN
481;1856;GŁOWACKA Ewa Katarzyna;K15
482;1850;GŁOWACKI Tomasz Bogdan;K15
483;1839;GAWKOWSKI Krzysztof Kamil;WRB
484;1836;MAZUR Paweł Przemysław;KBLN
485;1827;ŻURAW Elżbieta Małgorzata;WRB
486;1819;WIŚLIŃSKA Natalia Anna;KBLN
487;1816;MAZUR Artur;KE
488;1813;KRÓLAK Marcin Stanisław;K15
489;1812;STYPKA Maciej;KBLN
490;1810;MILAS Jolanta Elżbieta;PFP
491;1809;LECHOWSKI Krzysztof Grzegorz;K15
492;1808;ĆWIK Sławomir;KE
493;1807;MAZUR Joanna Sylwia;KBLN
494;1789;PAZIO Rafał Piotr;KBLN
495;1785;JÓZEFOWICZ Maciej Piotr;KE
496;1783;LUCH Katarzyna;K15
497;1782;KASPRZAK Krzysztof Grzegorz;KBLN
498;1754;WYCHOWAŁEK Paweł;K15
499;1752;AMBROZIAK Piotr Robert;WRB
500;1734;HOFFMAN Juliusz;KBLN
501;1732;KWOLEK Katarzyna;WRB
502;1715;FURGO Grzegorz Witold;KE
503;1714;STATECZNY Adrian Jan;KBLN
504;1710;ŻÓŁTEK Stanisław Józef;PLE
505;1698;POSŁUSZNY Leszek Józef;KBLN
506;1690;ŚRUBKOWSKA Żaneta Katarzyna;PiS
507;1690;DŁUGOSZ Bogusława;WRB
508;1687;BARSZCZAK Bartłomiej Mariusz;K15
509;1685;PRZYSTAJKO Jerzy;LR
510;1676;KUCZYŃSKA Urszula Teresa;LR
511;1666;KNOP Roman;K15
512;1664;KUNC Joanna;K15
513;1663;KLIMKOWSKI Sławomir;K15
514;1656;NOWAK Alicja;PFP
515;1629;GRUSZKA Jakub Krystian;KBLN
516;1613;MICHAŁOWSKI Ernest Cezary;KBLN
517;1607;MODZELEWSKA Bożena Krystyna;KBLN
518;1601;BARTOSIAK Tomasz;KBLN
519;1596;JAROSZ Maciej;WRB
520;1595;MICHALEWICZ Joanna;KBLN
521;1592;KOWALCZUK Ryszard Stanisław;K15
522;1588;PIETRZAK Anna Grażyna;KE
523;1588;LEWANDOWSKI Marek;K15
524;1587;PERA Jakub;K15
525;1578;GRODZKA Anna;LR
526;1571;SKUTECKI Paweł Juliusz;K15
527;1563;ŁACH Barbara Janina;KBLN
528;1558;SZLINDER Maciej Karol;LR
529;1557;PILC Jarosław Stanisław;WRB
530;1546;PAMIĘTA Marta;KBLN
531;1535;BIAŁEK Agnieszka;KBLN
532;1530;LAMENTOWICZ Wojciech;WRB
533;1529;BAŃKA Damian;KBLN
534;1505;TARGAŃSKA Magdalena Ewa;K15
535;1505;CZERSKA-THOMAS Joanna Ewa;KE
536;1498;OLSZEWSKA Mariola Aneta;K15
537;1490;PISZCZEK Arkadiusz Andrzej;KBLN
538;1476;KITLIŃSKI Tomasz;WRB
539;1464;GARCZYŃSKI Bartosz;K15
540;1453;KOPKO Janusz;K15
541;1428;ŚLUSARCZYK Estera;KBLN
542;1423;JANKOWSKI Sylwester Tomasz;KE
543;1417;TARCZYŃSKA Anna Małgorzata;WRB
544;1405;AUGUŚCIK Jagoda;K15
545;1399;STYCZEŃ Oskar Szymon;LR
546;1386;CZYPICKI Wojciech Janusz;WRB
547;1385;PAŚNICKI Michał Wiktor;K15
548;1383;FORDON Jacek;K15
549;1380;WIŚNIEWSKA Joanna;K15
550;1378;LUTY Jerzy;K15
551;1377;CZAJKOWSKI Michał Maciej;KBLN
552;1371;CHUDY Filip;LR
553;1370;BROWARNY Wojciech Jan;LR
554;1370;JOŃCZYK Łukasz;K15
555;1359;STRUS Sylwia;KBLN
556;1357;BEDNARSKI Sebastian Waldemar;LR
557;1352;DĄBROWSKA Ewa Alicja;K15
558;1346;KALINOWSKA Jolanta Maria;KE
559;1339;GOTLIBOWSKA Monika Agnieszka;WRB
560;1337;SIKORA Anna Iwona;LR
561;1328;SZKARUPSKI Daniel;KBLN
562;1322;GOŁĘBIEWSKA Paulina;KBLN
563;1311;KRASKA-ROMANOWSKA Beata;KE
564;1305;ŻABICKA Monika Maria;WRB
565;1300;PALKA Dominik Franciszek;PFP
566;1296;BORKOWSKI Łukasz Jan;K15
567;1273;CHOJNACKA Magdalena;KBLN
568;1270;LICZNAR Katarzyna Anna;K15
569;1267;BIELECKA Halszka Beata;KBLN
570;1263;PAWLIKOWSKI Jacek Adam;KBLN
571;1259;MARKIEWICZ Jarosław Szczepan;K15
572;1243;ZAWADA Tomasz Leszek;LR
573;1243;LYTVYNENKO Oksana;WRB
574;1238;PROKOPIUK Seweryn;LR
575;1238;HELNARSKI Paweł Andrzej;K15
576;1226;DRAB Maksymilian Hubert;K15
577;1225;OJDANA Alina;K15
578;1215;KWIECIEŃ Ewa Mariola;LR
579;1212;POPLICHA Dagmara Ewa;KBLN
580;1207;SADŁOŃ Narcyz Michał;K15
581;1187;ZDÓNEK Natalia Lucyna;K15
582;1186;ROSZIG Agnieszka;K15
583;1186;OLEKSAK Tomasz Robert;WRB
584;1184;WILBIK Marek;K15
585;1177;SANKOWSKA-GRABCZUK Lidia Izabela;K15
586;1175;BUŹNIAK Sylwia Lidia;WRB
587;1166;NOWACKI Konrad;LR
588;1164;BURYN Jadwiga Agata;K15
589;1164;WOJAKOWSKA Magdalena Maria;K15
590;1158;ROSS Sebastian;KBLN
591;1158;SZYMAŃSKA Monika Anna;LR
592;1158;LIPCZYK Zbigniew Jerzy;KBLN
593;1142;PIWCEWICZ Jolanta Anna;LR
594;1135;GAPIŃSKA Magdalena;KBLN
595;1130;KOSZAL Dorota;LR
596;1129;DUDOJĆ Mirela Ewa;K15
597;1128;RADECKA Monika Kamila;LR
598;1120;WYSOCKI Michał;LR
599;1118;SABAT Joanna Karolina;K15
600;1090;CHOLEWA Martyna Katarzyna;PFP
601;1083;CHARYTONIUK Gracjan;K15
602;1077;WALASEK Marcin;WRB
603;1065;ADAMSKA Anna Ewa;KBLN
604;1058;SKRZYSIŃSKI Gniewomir Marek;WRB
605;1056;ŻMIJEWSKI Bogdan;PFP
606;1056;JASKÓŁOWSKI Paweł;K15
607;1054;MARSZAŁEK-WOJCIECHOWSKA Edyta Barbara;KBLN
608;1047;MELAK Zofia Emilia;PFP
609;1046;SKAŁECKI Damian Adam;WRB
610;1035;WIELICZKO Mariusz;K15
611;1033;WAWRZYNIAK Piotr Bogusław;KBLN
612;1033;KRZYWKOWSKI Marcin Piotr;KBLN
613;1032;BRYZEK Paulina Anna;WRB
614;1030;MURAWKO Elżbieta;WRB
615;1009;JANULEWICZ Paweł Rafał;KBLN
616;1009;BRAITER Katarzyna Anna;WRB
617;1000;KUSZYŃSKI Marek;K15
618;997;POMIRSKA Zofia Małgorzata;K15
619;991;URBAŃCZYK Maciej Krzysztof;PFP
620;990;MODZELEWSKI Jarosław;K15
621;989;LECHOWICZ Maria Barbara;KBLN
622;987;HAJNCEL Paweł Wojciech;WRB
623;984;GŁADKOW Jan;KBLN
624;980;KIEŁCZEWSKI Adam;KBLN
625;978;SWACZYNA Grażyna Gabriela;PFP
626;968;JARCZYK Agnieszka Teresa;KBLN
627;966;SŁABY Marta;PFP
628;962;RUSZKOWSKA Adrianna;LR
629;960;CURRAN Justyna;PFP
630;951;KIERPIEC Daniel Józef;K15
631;948;GIELERT Katarzyna Zofia;KBLN
632;939;KARNIEWICZ Mateusz;WRB
633;934;ZALEŚNA Katarzyna Anna;KBLN
634;930;STUPKIEWICZ Magdalena;KBLN
635;926;KUBALEWSKI Wojciech Marian;KE
636;926;SZUBIŃSKA Bożena Leokadia;WRB
637;915;JAROŃSKA Kamila Maria;LR
638;915;HEINZEL Alicja Anna;KBLN
639;911;WAWRUSZCZAK Iwona Elżbieta;KBLN
640;908;REMBELSKI Stefan Bolesław;K15
641;905;SŁANIA Barbara Joanna;LR
642;904;BREWIAK Grażyna;KBLN
643;900;PANAK Marta;LR
644;899;PACZKOWSKA Irena;K15
645;893;SŁOWIK-MACIEJEWSKA Klaudia Katarzyna;K15
646;893;REWERA Witold;PiS
647;880;PISKORZ Monika Beata;KBLN
648;873;KUCAB Konrad Tomasz;K15
649;870;WSZELAKA Małgorzata Anna;K15
650;868;GAJOWNICZEK Krzysztof;PFP
651;866;KUŚWIK Andrzej Antoni;KBLN
652;863;ZIEMNICKA Małgorzata Maria;WRB
653;853;HAMADYK Łukasz Mariusz;K15
654;852;ORDECKI Piotr;K15
655;850;JĘDRZEJEWSKI Robert Witold;K15
656;848;PELC Filip Tadeusz;WRB
657;847;SACZEK Martin;LR
658;844;JASIONEK Henryk Jacek;WRB
659;843;FIC Patryk Beniamin;WRB
660;839;KRAJEWSKA Zuzanna Maria;KBLN
661;839;SZMIDT Anna;KE
662;828;GRYCH-BOCHYŃSKA Urszula;WRB
663;817;BŁAŻEJCZAK-KLECZEWSKA Beata;LR
664;816;DASZYŃSKA-HERCUŃ Anna Maria;KBLN
665;816;ZAJĄC Monika Magdalena;KBLN
666;807;STAŃCZUK Dunia;PFP
667;804;STRUK Anna Marta;PFP
668;803;PIETRASIEWICZ Szymon Eliasz;WRB
669;802;GROC Artur Dariusz;K15
670;800;JANOWICZ Kamila Marta;PFP
671;797;JEDYNAK Roman Waldemar;LR
672;796;WYRĘBEK Andrzej Piotr;KBLN
673;795;DOBROWOLSKI Mateusz;LR
674;795;RYKAŁA Grzegorz Wojciech;PLE
675;792;TERESZKIEWICZ Grzegorz Piotr;WRB
676;789;MOJZESOWICZ Wojciech;KBLN
677;785;JARMUŁOWICZ Lidia Maria;KBLN
678;784;PIĄTKOWSKA Andżelika Ewa;K15
679;773;BLICHARSKI Bogusław Zbigniew;LR
680;770;MARCINIUK Agnieszka Monika;KBLN
681;768;MAĆKOWIAK Patryk;WRB
682;767;WÓJCIK Joanna Katarzyna;LR
683;761;GONTARSKA Marzanna;KBLN
684;758;DRZEWIŃSKI Piotr Michał;KBLN
685;752;SMIRNOW Amadeusz Piotr;LR
686;751;ŚWIECZKOWSKA Iwona Gabriela;KBLN
687;746;KNUTH Maciej;PFP
688;741;SIERPIŃSKI Jacek Zbigniew;PFP
689;737;KUBIAK Jacek Zbigniew;WRB
690;731;WIŚNIEWSKI Krzysztof Łukasz;WRB
691;729;LAMEK-KOCHANOWSKA Agnieszka Zofia;LR
692;725;SZMIT-MORZE Agnieszka Ewa;LR
693;720;SOBAŃSKA Joanna Małgorzata;LR
694;715;PŁOŃSKA Wiesława Bożenna;K15
695;714;SMOLIŃSKI Zdzisław;LR
696;710;SOWIŃSKI Wiesław Mieczysław;KBLN
697;708;MEKLER Rafał;KBLN
698;708;SOWIŃSKA-KOBELAK Dorota;PFP
699;707;GRAJKOWSKI Piotr;PFP
700;702;NITECKA Ewa Alicja;KBLN
701;699;KOTULSKA Barbara;K15
702;697;WOLSKA Violetta Katarzyna;KBLN
703;689;SZATAN Jarosław Kazimierz;PLE
704;686;BARTECKA-MEYER Gabriela Małgorzata;PFP
705;676;JAWORNIK Emilia;KBLN
706;676;KOWALCZUK Łukasz;LR
707;673;MAZUR Agnieszka Monika;PFP
708;668;ROHDE Aleksandra;KBLN
709;662;WIKTOR Szczepan Antoni;K15
710;661;ADAMKIEWICZ Marcin Piotr;PFP
711;651;WIŚNIEWSKI Robert Paweł;LR
712;649;ADAMCZYK Małgorzata Joanna;LR
713;646;PROKOPSKA Joanna Maria;WRB
714;644;MIRYS Mateusz Piotr;LR
715;639;PRENETA Paweł Krzysztof;LR
716;637;KOWACKA Barbara Magdalena;PLE
717;637;IWUŁA Barbara Małgorzata;WRB
718;627;BARTKOWSKA Emilia;LR
719;618;MIKLER Arkadiusz Paweł;PFP
720;616;BIEJAT Magdalena Agnieszka;LR
721;614;GURGUL Maciej Jan;PFP
722;613;STABROWSKA Anna Ewa;LR
723;611;BUDZYŃSKA Jadwiga Barbara;PFP
724;611;KOZIOŁ Zdzisława Konstancja;K15
725;607;JAŹWIEC Jakub Wojciech;WRB
726;606;TYLUS Małgorzata Aneta;KBLN
727;606;GANICZ Tomasz;LR
728;598;KASPRZAK-BARTKOWIAK Kamila;LR
729;591;CHYŻEWSKA-PAWLIKOWSKA Agata Anna;LR
730;588;BIALIC Dariusz Mieczysław;K15
731;587;BORDZIO-BERUS Irena;K15
732;587;KLOCH Adam Roman;PFP
733;584;JASIŃSKI Krzysztof;LR
734;584;KRUKAR Radosław Zbigniew;WRB
735;583;MATUSZEWSKA-BORUC Małgorzata Emilia;LR
736;581;GATTI Sabina Edwarda;K15
737;572;WARDA Małgorzata Maja;PFP
738;566;MALISZ Zofia Anna;LR
739;560;BYLICA Bartosz;WRB
740;559;WYSOCKA Kamila Maria;LR
741;554;KACZYŃSKI Gabriel Jan;LR
742;553;LIPINSKA-BEHRENDT Martyna Elżbieta;KBLN
743;551;GRYCHTAL Sławomir Włodzimierz;WRB
744;542;MROZOWSKI Konrad;LR
745;534;BIRGIEL Marcin;LR
746;533;KOLIŃSKI Robert;LR
747;531;WILK-BARAN Anna Elżbieta;LR
748;530;URBAŃCZYK Martyna Natalia;LR
749;520;DRANIEWICZ Karol Łukasz;KBLN
750;512;RODZIEWICZ-KLAWIŃSKA Jolanta Ewa;K15
751;508;HASKA Karolina;LR
752;501;KRZYSZTOFIK Joanna;KBLN
753;500;WILKOWSKI Wojciech Sławomir;K15
754;500;LENART Karolina;PFP
755;500;PALIJ Tomasz Jacek;K15
756;497;JASEK-KOSOBUCKA Justyna;WRB
757;492;MOSHECHKOVA Lilija;KBLN
758;489;PACIEJ Andrzej Stefan;PLE
759;482;WICHA Joanna Beata;LR
760;478;ROCZON Mateusz Maciej;LR
761;477;SOWA Justyna;PFP
762;475;BURZAWA Mateusz Ryszard;LR
763;471;GASPARSKA Katarzyna Olga;LR
764;469;SMOLAGA Aleksandra Justyna;LR
765;465;WITASZEK Sławomir;KBLN
766;463;SZATAN Magdalena Maria;PLE
767;459;KOŁODZIEJ Paweł Krzysztof;LR
768;459;ŁĘCKA Joanna Barbara;PLE
769;454;KOWALIK Rafał Grzegorz;PFP
770;451;KARDASIŃSKA Marzena;KBLN
771;447;MAKÓWKA Jacek Edward;LR
772;435;DZIĘGIEL-GĄDEK Magdalena Sylwia;PLE
773;433;WIŚNIEWSKI Radosław Andrzej;PFP
774;432;KRZYSZTOFOWICZ Anna;PFP
775;431;MALENDOWICZ Anna Agnieszka;KBLN
776;430;OŻÓG Barbara Katarzyna;LR
777;430;FUTERA Joanna Monika;PFP
778;427;ŻYTKOWSKA-PRUS Anna Izabela;LR
779;421;MARCINIAK Elżbieta;PFP
780;418;BONIECKI Łukasz Michał;LR
781;410;KĘPA Justyna Joanna;PFP
782;410;KUSIAK-KOBYLARZ Barbara Maria;LR
783;403;STAROSIELEC Romuald Tadeusz;KBLN
784;402;GARGUL Anna;LR
785;400;SZCZEPAŃSKI Adam Aleksander;LR
786;393;MARCINKOWSKA Albina Anna;PFP
787;393;MAŁECKI Krzysztof Michał;LR
788;392;ZIEMSKI Michał;LR
789;390;SULKA Monika Zofia;LR
790;388;JANOWSKI Gabriel;KBLN
791;387;MATYJASIAK Wojciech Robert;PFP
792;382;WRÓBLEWSKI Giedymin;LR
793;382;KRZCIUK Tomasz Andrzej;PLE
794;376;SARNOWSKA Weronika Natalia;LR
795;374;KŁOBUKOWSKI Paweł;PFP
796;366;GRZEGORCZYK Paweł Marian;WRB
797;363;DROST Andrzej Oswald;LR
798;359;WALCZYŃSKI Hubert Michał;LR
799;357;SZCZYKUTOWICZ Rafał;PFP
800;344;DŁUGOŁĘCKI Mariusz;PFP
801;342;RACHALEWSKI Michał Cezary;LR
802;339;ITNER Agnieszka;LR
803;337;LEWANDOWSKI Marian;LR
804;337;BEKIER Bartłomiej Maksymilian;PFP
805;336;BĄCHOR Łukasz Paweł;PFP
806;329;LUBIEWSKI Adam Marek;LR
807;328;ZIELIŃSKI Piotr;PFP
808;321;STECZOWICZ Bartłomiej Aleksander;PFP
809;318;BURAKOWSKA Krystyna Anna;LR
810;314;TUROŃ Arkadiusz;LR
811;311;PŁATOS Sławomir;LR
812;305;CIEŚLAK Radosław Tomasz;LR
813;305;SZMYTKOWSKI Michał Paweł;LR
814;304;GEISLER-GRYGROWICZ Joanna;KBLN
815;302;ROZPŁOCH Marek Władysław;LR
816;298;DOMŻALSKA Elżbieta Maria;PFP
817;294;GULCZYŃSKI Marcin;LR
818;293;ŻÓŁTEK Monika Anna;PLE
819;292;POPIELEC Przemysław;PFP
820;291;PAWEŁCZAK Barnaba Bogusz;PFP
821;287;RŻANY Monika;LR
822;285;KOSIEC Justyna Agnieszka;LR
823;284;EICHHORST Artur;LR
824;274;FURMANIAK Szymon;LR
825;273;SIERANT Maciej Zbigniew;PLE
826;269;BUDNIAK Przemysław Andrzej;K15
827;269;ARTYSIEWICZ Michalina Daria;LR
828;265;EJANKOWSKA Anna Marta;LR
829;261;FĄFARA Katarzyna Beata;PLE
830;260;PRUSINOWSKA Magdalena;LR
831;256;MICHNO Aneta Joanna;PLE
832;248;SZMIGIEL Beata;KBLN
833;246;ZIĘTEK Maria;PFP
834;245;ŻEBROWSKA Irena Małgorzata;KBLN
835;245;GAWRON Jakub;LR
836;242;PRUSSAK Sara Maria;LR
837;239;PIÓROWICZ Jerzy Wojciech;LR
838;236;TRYSIŃSKI Piotr;LR
839;235;ZABRATAŃSKA Katarzyna Edyta;LR
840;233;ANDRZEJEWSKI Szymon Tomasz;LR
841;233;ZELENT Magdalena;LR
842;232;PROĆ Tomasz Mirosław;KBLN
843;232;SZWAJEWSKA Małgorzata Anna;PFP
844;229;CZERNIC Katarzyna;LR
845;216;TOFIL-SŁAWUSZEWSKA Anna Maria;LR
846;207;PIETROSIŃSKI Marcin Jakub;PFP
847;202;JAKOWICKA Zuzanna Katarzyna;LR
848;192;KOTYLAK Piotr Jan;PLE
849;185;MIERZWA Michał Mikołaj;LR
850;182;REBEJKO Jolanta;LR
851;182;POŁANECKI Paweł Mieczysław;KBLN
852;180;MAKRENEK Helena Cecylia;PFP
853;180;CIECHANOWICZ Jan;KBLN
854;179;WARZOCHA Tomasz Piotr;LR
855;177;ŻMIGRODZKI Stanisław Michał;PLE
856;168;MACIEJEWSKI Jakub;KBLN
857;166;RACZYŃSKA Jolanta;KBLN
858;153;TABOR Magdalena Aleksandra;LR
859;148;MATYJASZEK Artur Mariusz;LR
860;141;IWANIAK Paweł;PFP
861;141;WIESZCZEK Magdalena;PLE
862;139;DŁUGOSZ Michał Wojciech;PLE
863;133;PACIOCH Hubert Piotr;LR
864;131;SZCZYPIÓR Jolanta Elżbieta;KBLN
865;109;CZARNEK Marcin Piotr;PLE
866;98;MAROSZEK Adam Jarosław;KBLN
